Workbook

Sheet Takeaways
A1: Qwen2.5-Coder 3B (local, 8GB laptop) vs gpt-oss-120b (Groq): combined results
A2: Pilot test, not a benchmark. Blue = typed from transcripts, black = formulas. Open the Dashboard tab for charts.
A4: Headline number | B4: Value | C4: Evidence
A5: JSON: gpt-oss-120b fields correct | B5: ='T3 JSON'!C25 -> 1 | C5: 40 of 40 fields, 10 of 10 messages.
A6: JSON: Qwen 3B fields correct (first runs) | B6: ='T3 JSON'!C21 -> 0.925 | C6: 37 of 40 fields, 8 of 10 messages.
A7: JSON: Qwen answers that parse as raw JSON | B7: ='T3 JSON'!C22/COUNTA('T3 JSON'!B5:B14) -> 0 | C7: All 10 came wrapped in a code fence. Correct after stripping.
A8: Document Q&A: Qwen correct when the document had the answer | B8: ='T2 RAG'!C21 -> 0.875 | C8: 14 of 16 across two runs. Q3 and Q7 flipped between runs.
A9: Document Q&A: Qwen made up an answer when there was none | B9: ='T2 RAG'!C24 -> 0.75 | C9: 3 of 4 probes, including two different fake phone numbers.
A10: Document Q&A: gpt-oss-120b made up an answer when there was none | B10: ='T2 RAG'!C27 -> 0.5 | C10: 1 of 2 probes (n is tiny). Said 'India only' with nothing to back it.
A11: Agent tool vs plain Ollama (same model) | B11: =Speed!B43 -> 20.18 | C11: 0.5 vs 10.09 tok/s, and no usable code inside the agent tool.
A12: Qwen speed lost as context grew | B12: =Speed!B16 -> 0.35282458 | C12: 10.09 to 6.53 tok/s over 9 prompts, context 47 to 3,257 tokens.
A13: JSON answer time ratio, Qwen / gpt-oss | B13: ='T3 JSON'!C29 -> 13.504139 | C13: About 6.0 s vs 0.44 s. Groq figure is from 9 of 10 messages.
A14: Code: clean-run pass rate | B14: ='T1 Code'!C20 -> 1 | C14: 10 of 10. Textbook tasks, so little separation.
A15: count_vowels at default temp, answer key leaked | B15: ='T1 Code'!C23 -> 0.5 | C15: 1 of 2. The failure was a confident hallucination.
A16: count_vowels at temp 0.2, clean prompt | B16: ='T1 Code'!C26 -> 1 | C16: 4 of 4. Consistent with lower temperature helping; not a controlled test.
A19: What I learned as an AI engineer
A20: 1. I evaluated the whole system, not just the model. The same 3B model went from 10 to 0.5 tokens/sec inside an agent tool and returned no usable code.
A21: 2. I treat model output as untrusted input. 0 of 10 Qwen answers parsed as-is because of code fences. Strip, parse and validate against a schema before any code uses it.
A22: 3. I test the 'I don't know' path on purpose. Both models invented answers when the document was silent, so every eval needs 'answer not in the document' cases.
A23: 4. A bigger model did not remove guessing. gpt-oss-120b stated 'we ship only within India' with nothing to back it. Fluent and wrong is harder for a user to catch.
A24: 5. I log every setting. I changed temperature between stages and leaked an answer key into some prompts, which skewed my own results until I caught it.
A25: 6. I test the language my users actually write. Tamil in English letters broke the 3B, and code-mixed text is common in Indian customer messages.
A26: 7. Context has a cost on small local models: about 35% slower over 9 prompts. Reset context between tasks.

Sheet Dashboard
A1: Dashboard: results by stage
A2: Charts read the tables on the left, which pull from the detail tabs.
A4: A. JSON extraction (10 messages)
A5: Metric | B5: Qwen 3B | C5: gpt-oss-120b
A6: Messages fully correct | B6: ='T3 JSON'!C18/COUNTA('T3 JSON'!B5:B14) -> 0.8 | C6: ='T3 JSON'!C23/COUNTA('T3 JSON'!B5:B14) -> 1
A7: Fields correct | B7: ='T3 JSON'!C21 -> 0.925 | C7: ='T3 JSON'!C25 -> 1
A8: Output parses as raw JSON | B8: ='T3 JSON'!C22/COUNTA('T3 JSON'!B5:B14) -> 0 | C8: ='T3 JSON'!C26/COUNTA('T3 JSON'!B5:B14) -> 1
A11: B. Document Q&A
A12: Measure | B12: Rate
A13: Qwen: correct when the document had the answer | B13: ='T2 RAG'!C21 -> 0.875
A14: Qwen: made up an answer when it had none | B14: ='T2 RAG'!C24 -> 0.75
A15: gpt-oss-120b: made up an answer when it had none | B15: ='T2 RAG'!C27 -> 0.5
A17: C. Qwen speed as the chat grew (T1 session)
A18: Prompt # | B18: Eval rate (tok/s)
A19: 1 | B19: =Speed!B5 -> 10.09
A20: 2 | B20: =Speed!B6 -> 9.6
A21: 3 | B21: =Speed!B7 -> 8.95
A22: 4 | B22: =Speed!B8 -> 8.53
A23: 5 | B23: =Speed!B9 -> 7.99
A24: 6 | B24: =Speed!B10 -> 7.44
A25: 7 | B25: =Speed!B11 -> 7.12
A26: 8 | B26: =Speed!B12 -> 6.88
A27: 9 | B27: =Speed!B13 -> 6.53
A29: D. Same 3B model, different setup
A30: Setup | B30: Speed (tok/s)
A31: Plain Ollama | B31: =Speed!B42 -> 10.09
A32: Agent tool (OpenCode) | B32: =Speed!B41 -> 0.5
A34: E. JSON answer time (s)
A35: Model | B35: Seconds
A36: Qwen 3B (local) | B36: ='T3 JSON'!C27 -> 5.9808333
A37: gpt-oss-120b (Groq) | B37: ='T3 JSON'!C28 -> 0.44288889
A39: F. Code tests pass rate (Qwen)
A40: Condition | B40: Pass rate
A41: Clean prompts, 10 tests | B41: ='T1 Code'!C20 -> 1
A42: count_vowels, default temp, answer key in prompt | B42: ='T1 Code'!C23 -> 0.5
A43: count_vowels, temp 0.2, clean prompt | B43: ='T1 Code'!C26 -> 1

Sheet Stages
A1: Stages: what was tested, in order, and what it showed
A3: Stage | B3: What was tested | C3: Model(s) | D3: Result | E3: Engineering takeaway
A4: 1 | B4: Harness check: palindrome prompt in an agent tool vs plain Ollama | C4: Qwen 3B | D4: Agent tool: raw tool-call JSON, no code, 0.5 tok/s. Plain Ollama: correct code, 10.09 tok/s (about 20x). | E4: Evaluate the whole system, not just the model. The wrapper changed the outcome.
A5: 2 | B5: Code tests (10 textbook tasks) | C5: Qwen 3B | D5: 10/10 clean passes. count_vowels: 1 of 2 at default temp with the answer key leaked, 4 of 4 at temp 0.2 clean. | E5: Textbook tasks don't separate models. Settings and prompt hygiene change consistency, so log them per run.
A6: 3 | B6: Document Q&A, runs 1 and 2 (10 questions) | C6: Qwen 3B | D6: Answerable: 14/16 correct. Unanswerable: invented an answer 3 of 4 times (two different fake phone numbers). | E6: Grounded answers are fine when the answer exists. With no refusal path, it guesses.
A7: 4 | B7: Document Q&A, trap questions only | C7: gpt-oss-120b | D7: Phone number: correct refusal. Shipping abroad: stated 'India only' as fact (1 of 2 invented). | E7: Bigger did not remove guessing. It made the guess more convincing.
A8: 5 | B8: Guardrail check: template + temp 0.2 on Q9 | C8: Qwen 3B | D8: Replied NOT IN DOCUMENT (1 run). | E8: Promising but not conclusive: one run, and two settings changed at once.
A9: 6 | B9: JSON extraction (10 messy messages) | C9: Qwen 3B and gpt-oss-120b | D9: gpt-oss: 10/10 (40/40 fields). Qwen: 8/10 (37/40), 0/10 parse as raw JSON (code fences). Tamil-in-English-letters message failed on Qwen only. | E9: Never parse model output unvalidated. Code-mixed Indian-language text is a real failure mode for small models.
A10: 7 | B10: Speed | C10: Qwen 3B and gpt-oss-120b | D10: Qwen slowed 35% over 9 prompts as context grew. JSON answers: about 6.0 s (Qwen) vs 0.44 s (Groq), roughly 13x. | E10: Manage context on small local models. Latency is a product decision, not just a model one.

Sheet Evidence
A1: Evidence: verbatim excerpts from my test logs
A2: Copied from the saved transcripts; JSON whitespace condensed where noted. Screenshots were not taken, so the logs are the record.
A3: # | B3: Stage | C3: Prompt / question | D3: Model and setting | E3: Verbatim output (excerpt) | F3: Why it matters
A4: 1 | B4: 1 Harness | C4: write a python function is_palindrome(s) that ignores case and non-alphanumeric characters. | D4: Qwen 3B in OpenCode agent tool | E4: {"name": "is_palindrome", "arguments": {"s": "A man, a plan, a canal, Panama!"}} (1m 12s, 0.5 tok/s) | F4: Raw tool-call blob, no code. Plain Ollama gave correct code at 10.09 tok/s.
A5: 2 | B5: 3 Document Q&A | C5: What is your support phone number? | D5: Qwen 3B, run 1, default temp | E5: The support phone number for Nila Coffee Co. is +91 1234567890. | F5: The document lists only an email.
A6: 3 | B6: 3 Document Q&A | C6: What is your support phone number? | D6: Qwen 3B, run 2, default temp | E6: The support phone number is +91 9876543210. | F6: A different invented number from run 1, so it is guessing.
A7: 4 | B7: 3 Document Q&A | C7: Do you ship internationally? | D7: Qwen 3B, run 2, default temp | E7: Yes, we ship internationally. | F7: Not in the document.
A8: 5 | B8: 3 Document Q&A | C8: I placed an order worth Rs 500. Is shipping free? | D8: Qwen 3B, run 2, default temp | E8: Yes, since your order is worth Rs 500 or more, shipping is free. | F8: Document: free only above Rs 699. Run 1 got this right.
A9: 6 | B9: 3 Document Q&A | C9: My order has already shipped. Can I cancel it? | D9: Qwen 3B, run 2, default temp | E9: Yes, you can cancel your order before it ships. Once shipped, the order cannot be cancelled. | F9: Contradicts itself. Run 1 got this right.
A10: 7 | B10: 4 Trap question | C10: Do you ship internationally? | D10: gpt-oss-120b on Groq, no template | E10: We currently ship only within India. [its reasoning: "Likely they don't ship internationally or it's not covered."] | F10: The policy says nothing about this. The model guessed, then stated it as fact.
A11: 8 | B11: 2 Code | C11: Fix count_vowels so it counts uppercase vowels too (answer key in the prompt) | D11: Qwen 3B, run 2, default temp | E11: The characters 'A', 'e', and 'A' are considered vowels because they are in the string "aeiou". (for the word "Apple") | F11: Confident hallucination: 'Apple' has one A, and 'A' is not in "aeiou". Run 1 was correct.
A12: 9 | B12: 6 JSON | C12: Anna, NC8890 innum varala, 12 days aachu. - Vignesh | D12: Qwen 3B | E12: {"customer_name": "Anna", "order_id": "NC8890", "issue_type": "delay", "amount_inr": 12} | F12: Took a greeting as the name and the day count as money.
A13: 10 | B13: 6 JSON | C13: Anna, NC8890 innum varala, 12 days aachu. - Vignesh | D13: gpt-oss-120b on Groq | E13: { "customer_name": "Vignesh", "order_id": "NC8890", "issue_type": "delay", "amount_inr": null } | F13: Correct on the Tamil-in-English-letters message.
A14: 11 | B14: 6 JSON | C14: Mohammed Irfan here. NC5533 is delayed, I want my money back, Rs 450 | D14: Qwen 3B, run 1 | E14: "customer_name": "SMohammed Irfan" | F14: Stray letter in the name. Run 2 was correct.
A15: 12 | B15: 6 JSON | C15: Any of the 10 messages | D15: Qwen 3B | E15: Every answer was wrapped in a ```json code fence. | F15: json.loads() fails until you strip the fence: 0 of 10 parse as-is.

Sheet T1 Code
A1: Stage 2: code tests on Qwen2.5-Coder 3B (Ollama, 8GB laptop)
A2: Clean run = column B prompt only. Rerun = Expected text was pasted into the prompt (answer key leaked), so it is weaker evidence.
A4: Test # | B4: Test | C4: Clean run | D4: Total time (s) | E4: Eval rate (tok/s) | F4: Prompt tokens at start | G4: Rerun (answer key in prompt) | H4: Notes
A5: 1 | B5: Palindrome | C5: Pass | D5: 29.65 | E5: 10.09 | F5: 47 | H5: Run twice in plain Ollama, both correct. Inside OpenCode the same prompt failed (see Speed tab).
A6: 2 | B6: Second largest unique | C6: Pass | D6: 36.91 | E6: 9.6 | F6: 382 | G6: Pass | H6: Handles the None case. Rerun's first attempt was interrupted by the user, second was correct.
A7: 3 | B7: count_vowels fix | C7: Pass | D7: 9.44 | E7: 10.21 | F7: 65 | G7: Pass, Fail | H7: Clean rerun at temp 0.2: 4 of 4 correct (9.4, 10.9, 22.0, 9.9 s). Earlier at default temp with the answer key in the prompt: 1 pass, 1 fail (claimed 'Apple' has 3 vowels). Run 3 had an extra 'whats the output?' and a wrong explanation, but correct code. Prompt had doubled quotes.
A8: 4 | B8: SQL top 3 customers | C8: Pass | D8: 31.84 | E8: 8.95 | F8: 760 | H8: JOIN, GROUP BY, ORDER BY SUM DESC, LIMIT 3 all present.
A9: 5 | B9: Email regex | C9: Pass | D9: 51.26 | E9: 8.53 | F9: 1051 | G9: Pass | H9: Clean run used [A-Z|a-z] (matches a literal pipe, a flaw). Rerun's pattern was clean, so quality varies run to run.
A10: 6 | B10: Binary search | C10: Pass | D10: 77.48 | E10: 7.99 | F10: 1504 | H10: Correct, states O(log n). Overflow comment is irrelevant in Python.
A11: 7 | B11: List comprehension | C11: Pass | D11: 35.13 | E11: 6.88 | F11: 3008 | H11: Correct output, but the prompt had a typo (== o instead of == 0) that Qwen silently fixed.
A12: 8 | B12: FastAPI /health | C12: Pass | D12: 67.34 | E12: 7.44 | F12: 2136 | G12: Pass | H12: Clean run called Uvicorn a WSGI server (it is ASGI). Rerun had no such error. Not yet executed.
A13: 9 | B13: Flatten nested list | C13: Pass | D13: 47.3 | E13: 7.12 | F13: 2647 | G13: Pass | H13: Correct recursive solution both times.
A14: 10 | B14: Mutable default arg | C14: Pass | D14: 44.59 | E14: 6.53 | F14: 3257 | H14: Correct fix with None. One explanation sentence is muddled.
A17: Summary
A18: Clean runs completed | C18: =COUNTIF(C5:C14,"Pass")+COUNTIF(C5:C14,"Fail") -> 10
A19: Clean runs passed | C19: =COUNTIF(C5:C14,"Pass") -> 10
A20: Clean pass rate | C20: =IFERROR(C19/C18,"") -> 1
A21: count_vowels runs: default temp, answer key in prompt | C21: 2
A22: passed | C22: 1
A23: pass rate | C23: =IFERROR(C22/C21,"") -> 0.5
A24: count_vowels runs: temp 0.2, clean prompt | C24: 4
A25: passed | C25: 4
A26: pass rate | C26: =IFERROR(C25/C24,"") -> 1
A27: Average time (s) | C27: =AVERAGE(D5:D14) -> 43.094
A28: Slowest test (s) | C28: =MAX(D5:D14) -> 77.48
A29: Fastest test (s) | C29: =MIN(D5:D14) -> 9.44

Sheet T2 RAG
A1: Stage 3-4: answering from a document (Nila Coffee policy)
A2: Qwen run 1: no template, default temp. Run 2: garbled template line, default temp, --verbose. Run 3: proper template, temp 0.2, Q9 only. gpt-oss-120b: no template, Q9 and Q10 only.
A4: Q# | B4: Question | C4: Type | D4: Expected | E4: Qwen run 1 | F4: Run 1 note | G4: Qwen run 2 | H4: Run 2 time (s) | I4: Run 2 note | J4: Qwen run 3 (template, temp 0.2) | K4: gpt-oss-120b | L4: gpt-oss note
A5: 1 | B5: How long until my order ships after I pay? | C5: Answerable | D5: Within 2 business days | E5: Pass | G5: Pass | H5: 2.28
A6: 2 | B6: How many days will delivery to Chennai take? | C6: Answerable | D6: 2-4 days | E6: Pass | G6: Pass | H6: 1.95
A7: 3 | B7: I placed an order worth Rs 500. Is shipping free? | C7: Answerable | D7: No. Rs 59 fee (free only above Rs 699) | E7: Pass | G7: Fail | H7: 3.3 | I7: Said shipping is free. Doc says free only above Rs 699.
A8: 4 | B8: Can I return a pack I already opened? | C8: Answerable | D8: No, unless damaged or wrong item | E8: Pass | G8: Pass | H8: 2.9
A9: 5 | B9: How long does a refund take after you receive my return? | C9: Answerable | D9: 5-7 business days | E9: Pass | G9: Pass | H9: 4.4
A10: 6 | B10: My order was cash on delivery. How will I get my refund? | C10: Answerable | D10: Bank transfer | E10: Pass | G10: Pass | H10: 2.38
A11: 7 | B11: My order has already shipped. Can I cancel it? | C11: Answerable | D11: No | E11: Pass | G11: Fail | H11: 3.31 | I11: Opened with 'Yes, you can cancel', then said it cannot be cancelled once shipped. Contradicts itself.
A12: 8 | B12: How early do I need to cancel my subscription before billing? | C12: Answerable | D12: At least 48 hours before | E12: Pass | G12: Pass | H12: 3.1
A13: 9 | B13: Do you ship internationally? | C13: Unanswerable | D13: NOT IN DOCUMENT | E13: Soft pass | F13: Deflected with vague wording. Never said it is not in the document. | G13: Fail | H13: 1.47 | I13: Said 'Yes, we ship internationally.' Invented. | J13: Pass | K13: Fail | L13: Stated 'we ship only within India' as fact. Its own reasoning said 'likely not covered'. Added forwarding-service advice nobody gave it.
A14: 10 | B14: What is your support phone number? | C14: Unanswerable | D14: NOT IN DOCUMENT (email only) | E14: Fail | F14: Invented +91 1234567890. | G14: Fail | H14: 3.04 | I14: Invented +91 9876543210, a different number from run 1. | K14: Pass | L14: Said there is no phone number and gave the email and hours correctly.
A17: Summary
A18: Qwen run 1 score (strict, Pass only) | C18: =COUNTIF(E5:E14,"Pass") -> 8
A19: Qwen run 1 score (lenient, incl. Soft pass) | C19: =COUNTIF(E5:E14,"Pass")+COUNTIF(E5:E14,"Soft pass") -> 9
A20: Qwen run 2 score (strict) | C20: =COUNTIF(G5:G14,"Pass") -> 6
A21: Qwen accuracy on answerable Qs (runs 1+2) | C21: =(COUNTIFS(C5:C14,"Answerable",E5:E14,"Pass")+COUNTIFS(C5:C14,"Answerable",G5:G14,"Pass"))/(2*COUNTIF(C5:C14,"Answerable")) -> 0.875
A22: Qwen fabrications on unanswerable (runs 1+2) | C22: =COUNTIFS(C5:C14,"Unanswerable",E5:E14,"Fail")+COUNTIFS(C5:C14,"Unanswerable",G5:G14,"Fail") -> 3
A23: Qwen unanswerable probes (runs 1+2) | C23: =2*COUNTIF(C5:C14,"Unanswerable") -> 4
A24: Qwen fabrication rate | C24: =IFERROR(C22/C23,"") -> 0.75
A25: gpt-oss-120b fabrications on unanswerable | C25: =COUNTIFS(C5:C14,"Unanswerable",K5:K14,"Fail") -> 1
A26: gpt-oss-120b unanswerable probes | C26: =COUNTIFS(C5:C14,"Unanswerable",K5:K14,"Pass")+COUNTIFS(C5:C14,"Unanswerable",K5:K14,"Fail") -> 2
A27: gpt-oss-120b fabrication rate | C27: =IFERROR(C25/C26,"") -> 0.5
A28: Qwen run 2 average answer time (s) | C28: =AVERAGE(H5:H14) -> 2.813
A31: Extra probes (outside the 10-question set)
A32: # | B32: Probe | C32: Model | D32: Result | E32: What happened
A33: 1 | B33: How can I get the gift cards? (not in document, no template) | C33: Qwen 3B | D33: Fail | E33: Invented a full purchase flow (website, app, payment, wallet delivery).
A34: 2 | B34: Wrong order: how does cancellation and refund work? | C34: Qwen 3B | D34: Fail | E34: Mixed real policy with invented details (return labels, designated store).
A35: 3 | B35: 10 customer messages answered as a support agent (not the JSON template) | C35: gpt-oss-120b / 20b | D35: Fail | E35: Invented prepaid return labels, replacements, refunds for late orders and an address-book feature. Earlier amounts leaked into later answers (Karthik got Anjali's Rs 1,299). The Tamil message was answered in Malayalam by the 20B model. Not comparable to Qwen; shown as a probe only.

Sheet T3 JSON
A1: Stage 6: messy message to clean JSON (same template, both models)
A2: Pass = valid JSON with all 4 fields matching. Qwen first runs are scored. gpt-oss-120b latency is the Groq playground figure; Priya's was not captured.
A4: # | B4: Message | C4: Expected | D4: Qwen 3B | E4: Qwen fields right (of 4) | F4: Qwen time (s) | G4: Qwen note | H4: gpt-oss-120b | I4: gpt-oss fields right (of 4) | J4: gpt-oss latency (ms) | K4: gpt-oss note
A5: 1 | B5: Hi this is Priya, order #NC1042 hasn't arrived yet, it's been 9 days | C5: {"customer_name":"Priya","order_id":"NC1042","issue_type":"delay","amount_inr":null} | D5: Pass | E5: 4 | F5: 7.49 | H5: Pass | I5: 4
A6: 2 | B6: Ravi here. Got my coffee pack broken, order NC2210, paid Rs 849 | C6: {"customer_name":"Ravi","order_id":"NC2210","issue_type":"damaged","amount_inr":849} | D6: Pass | E6: 4 | F6: 5.91 | H6: Pass | I6: 4 | J6: 405
A7: 3 | B7: Want refund for NC3051 - Anjali Menon. I paid Rs 1,299 | C7: {"customer_name":"Anjali Menon","order_id":"NC3051","issue_type":"refund","amount_inr":1299} | D7: Pass | E7: 4 | F7: 6.16 | H7: Pass | I7: 4 | J7: 372
A8: 4 | B8: Order NC4120 wrong item delivered. Thanks, Karthik | C8: {"customer_name":"Karthik","order_id":"NC4120","issue_type":"wrong_item","amount_inr":null} | D8: Pass | E8: 4 | F8: 5.34 | H8: Pass | I8: 4 | J8: 279
A9: 5 | B9: Sneha: how do I change my address? no order id yet | C9: {"customer_name":"Sneha","order_id":null,"issue_type":"other","amount_inr":null} | D9: Pass | E9: 4 | F9: 7.2 | G9: Two runs, both correct. First run was not preceded by /clear. | H9: Pass | I9: 4 | J9: 334
A10: 6 | B10: Mohammed Irfan here. NC5533 is delayed, I want my money back, Rs 450 | C10: {"customer_name":"Mohammed Irfan","order_id":"NC5533","issue_type":"refund","amount_inr":450} | D10: Fail | E10: 3 | F10: 6.13 | G10: Run 1 gave name 'SMohammed Irfan' (stray S). Run 2 was correct. | H10: Pass | I10: 4 | J10: 727 | K10: Debated delay vs refund in its reasoning, chose refund.
A11: 7 | B11: URGENT!!! nc6001 packet leaking. -Deepa S. (Rs 1,050 order) | C11: {"customer_name":"Deepa S.","order_id":"NC6001","issue_type":"damaged","amount_inr":1050} | D11: Pass | E11: 4 | F11: 6.14 | G11: Uppercased nc6001 correctly. | H11: Pass | I11: 4 | J11: 396
A12: 8 | B12: Hello, Suresh. Order number is NC7788. Late by 3 days. Paid 2,499 rupees | C12: {"customer_name":"Suresh","order_id":"NC7788","issue_type":"delay","amount_inr":2499} | D12: Pass | E12: 4 | F12: 6.2 | H12: Pass | I12: 4 | J12: 421
A13: 9 | B13: Anna, NC8890 innum varala, 12 days aachu. - Vignesh | C13: {"customer_name":"Vignesh","order_id":"NC8890","issue_type":"delay","amount_inr":null} | D13: Fail | E13: 2 | F13: 5.54 | G13: Tamil in English letters. Name = Anna (a greeting), amount = 12 (the days). Order ID and issue type right. | H13: Pass | I13: 4 | J13: 566 | K13: Read 'Anna' as a greeting and took the name from the signature.
A14: 10 | B14: Just wanted to say the coffee was great! - Lakshmi | C14: {"customer_name":"Lakshmi","order_id":null,"issue_type":"other","amount_inr":null} | D14: Pass | E14: 4 | F14: 4.8 | H14: Pass | I14: 4 | J14: 486
A17: Summary
A18: Qwen messages fully correct (first runs) | C18: =COUNTIF(D5:D14,"Pass") -> 8
A19: Qwen fields correct | C19: =SUM(E5:E14) -> 37
A20: Fields total | C20: =4*COUNTA(B5:B14) -> 40
A21: Qwen field accuracy | C21: =C19/C20 -> 0.925
A22: Qwen answers that parse as raw JSON (of 10) | C22: 0
A23: gpt-oss messages fully correct | C23: =COUNTIF(H5:H14,"Pass") -> 10
A24: gpt-oss fields correct | C24: =SUM(I5:I14) -> 40
A25: gpt-oss field accuracy | C25: =C24/C20 -> 1
A26: gpt-oss answers that were plain JSON, as copied (of 10) | C26: 10
A27: Qwen average time, all 12 runs (s) | C27: =AVERAGE(C34:C45) -> 5.9808333
A28: gpt-oss average latency, 9 captured (s) | C28: =AVERAGE(J5:J14)/1000 -> 0.44288889
A29: Qwen / gpt-oss time ratio | C29: =C27/C28 -> 13.504139
A32: All Qwen JSON runs (for the time average)
A33: Run | B33: Message | C33: Time (s)
A34: 1 | B34: 1 Priya | C34: 7.49
A35: 2 | B35: 2 Ravi | C35: 5.91
A36: 3 | B36: 3 Anjali | C36: 6.16
A37: 4 | B37: 4 Karthik | C37: 5.34
A38: 5 | B38: 5 Sneha (run 1) | C38: 7.2
A39: 6 | B39: 5 Sneha (run 2) | C39: 4.8
A40: 7 | B40: 6 Irfan (run 1) | C40: 6.13
A41: 8 | B41: 6 Irfan (run 2) | C41: 6.06
A42: 9 | B42: 7 Deepa | C42: 6.14
A43: 10 | B43: 8 Suresh | C43: 6.2
A44: 11 | B44: 9 Vignesh | C44: 5.54
A45: 12 | B45: 10 Lakshmi | C45: 4.8

Sheet Speed
A1: Speed on the 8GB laptop (Qwen2.5-Coder 3B, plain Ollama)
A3: Block 1: T1 code prompts, no /clear between them, so context kept growing
A4: Run order | B4: Eval rate (tok/s) | C4: Prompt tokens at start | D4: Test #
A5: 1 | B5: 10.09 | C5: 47 | D5: 1
A6: 2 | B6: 9.6 | C6: 382 | D6: 2
A7: 3 | B7: 8.95 | C7: 760 | D7: 4
A8: 4 | B8: 8.53 | C8: 1051 | D8: 5
A9: 5 | B9: 7.99 | C9: 1504 | D9: 6
A10: 6 | B10: 7.44 | C10: 2136 | D10: 8
A11: 7 | B11: 7.12 | C11: 2647 | D11: 9
A12: 8 | B12: 6.88 | C12: 3008 | D12: 7
A13: 9 | B13: 6.53 | C13: 3257 | D13: 10
A15: First eval rate (tok/s) | B15: =B5 -> 10.09
A16: Speed drop, first to last | B16: =(B5-B13)/B5 -> 0.35282458
A17: Context growth (x) | B17: =C13/C5 -> 69.297872
A20: Block 2: T2 run 2 (one session, short answers, context 405 to 740 tokens)
A21: Question asked (order) | B21: Eval rate (tok/s) | C21: Prompt tokens at start | D21: Answer time (s)
A22: Q1 | B22: 10.31 | C22: 405 | D22: 2.28
A23: Q2 | B23: 10.56 | C23: 437 | D23: 1.95
A24: Q3 | B24: 9.34 | C24: 472 | D24: 3.3
A25: Q4 | B25: 9.18 | C25: 510 | D25: 2.9
A26: Q5 | B26: 9.3 | C26: 548 | D26: 4.4
A27: Q6 | B27: 9.84 | C27: 596 | D27: 2.38
A28: Q7 | B28: 9.34 | C28: 628 | D28: 3.31
A29: Q8 | B29: 9.57 | C29: 670 | D29: 3.1
A30: Q10 | B30: 9.72 | C30: 705 | D30: 3.04
A31: Q9 | B31: 10.78 | C31: 740 | D31: 1.47
A33: Min eval rate (tok/s) | B33: =MIN(B22:B31) -> 9.18
A34: Max eval rate (tok/s) | B34: =MAX(B22:B31) -> 10.78
A35: First call, cold document read (s) | B35: 13.39
A36: Q9 with template, temp 0.2 (s) | B36: 10.89
A39: Block 3: same model, same palindrome prompt, different setup
A40: Setup | B40: Speed (tok/s) | C40: Time (s) | D40: Result
A41: OpenCode agent tool (Build mode) | B41: 0.5 | C41: 72 | D41: Raw tool-call JSON, no usable code (fail)
A42: Plain Ollama | B42: 10.09 | C42: 29.65 | D42: Correct function with explanation (pass)
A43: Speed ratio (plain / agent) | B43: =B42/B41 -> 20.18

Sheet Method & Limits
A1: Method, settings by stage, and limits
A3: Stage | B3: Temperature | C3: Prompt | D3: Context handling | E3: Note
A4: 1 Harness | B4: Not recorded | C4: Column B palindrome prompt | D4: Agent tool vs plain chat | E4: Screenshots show 1m 12s / 0.5 tok/s vs 29.65 s / 10.09 tok/s.
A5: 2 Code (clean) | B5: Ollama default | C5: Column B | D5: No /clear between prompts | E5: Speed fell 35% over 9 prompts. Times are inflated by context growth.
A6: 2 Code (reruns) | B6: Ollama default | C6: Expected text pasted in | D6: /clear between runs | E6: Answer key leaked. Weak evidence.
A7: 2 count_vowels (clean) | B7: 0.2 | C7: Column B (doubled quotes) | D7: /clear between runs | E7: Run 3 had an extra question in the prompt.
A8: 3 Document Q&A run 1 | B8: Ollama default | C8: Document, then plain questions | D8: One session | E8: No refusal instruction.
A9: 3 Document Q&A run 2 | B9: Ollama default | C9: Garbled template line | D9: One session, --verbose | E9: Template pasted as a fragment, not a real instruction.
A10: 5 Template check | B10: 0.2 | C10: Full 'NOT IN DOCUMENT' template | D10: Fresh context | E10: One run on Q9 only. Two settings changed at once.
A11: 4 gpt-oss-120b document probes | B11: Not recorded | C11: No template; support-agent setup | D11: Playground | E11: Only Q9 and Q10.
A12: 6 JSON, Qwen | B12: Not recorded | C12: JSON template | D12: /clear before each message | E12: Sneha run 1 had no /clear. Temperature was not shown in the transcript.
A13: 6 JSON, gpt-oss-120b | B13: Playground default | C13: JSON template, no system prompt | D13: New chat per message | E13: Latency is the playground figure.
A16: Limits
A17: 10 messages, 10 questions, one fictional document, one laptop.
A18: One code-tuned 3B model (a general 3B may do better) and one hosted model. Not a ranking.
A19: Mostly single runs. Small models vary run to run; each test needs about 3 runs.
A20: Temperature and context handling were not identical across stages (see table above).
A21: T1 outputs were read, not all executed (FastAPI, SQL, regex checks pending).
A22: Support-agent probe on Groq switched from 120B to 20B partway and shared one chat, so it is not comparable.
